,Ç½±Ú,´°Á±,µØ°å,×ÀÌ¨,×À×Ó,ÒÎ×Ó,²è¼¸,É³·¢,¿¿Õí,µØÌº,ÃÅ´°,³÷¹ñ,´²,Êé¹ñ,µÆÕÖ,´²±»,¿Õµ÷
1,fef781,f8f9de,,73581a,,f8f9de,f4c945,719943,ffffff,47a1d3,,,,,,,
2,a4d06e,f4eb4e,73581b,,a07c28,fdfac0,,,,,,,,,,,
3,232323,e2ecd5,f8cb5a,,a07c28,fefac0,cb9d35,fdfbbf,0e3076,434444,73571b,72571b,,72571b,,,
4,badb94,,ffffff,,a07c27,a07c27,,729a44,2a3c16,,9f7d28,9f7d28,,9f7d28,ffffff,,
5,ebeaeb,ebebeb,eaebea,73581a,,,,444444,ebebeb,,523e0f,fffabf,,,,,
6,fdfbc0,fdfbc0,,,ffffff,,c3bb3b,74581b,c9872f,,,,,,ffffff,,
7,,ffffff,ffffff,ffffff,,ffffff,,,,,,,,,ffffff,,
8,fdfac1,,fefac0,,a07b28,cc9e34,,,,,,f7cb5c,,,ffffff,,
9,fefbc0,,,cb9e35,a06b23,ffffff,ffffff,,,,fef7a0,a0451b,,,f7ca5b,,
10,fffac1,,c9882f,c9862f,ffffff,ffffff,,,,,ffffff,a06922,,fefac0,ffffff,,
11,a06a24,ffffff,cb9e36,744b16,744b16,ebebea,,,929291,,,,d6d5d6,,,aaa9aa,
12,fefac0,fefce0,f9d985,,,,9f6a24,a5e2f9,,a0451b,,,,,,,
13,ffffff,,fefce0,,,,a06922,bbdb93,,929192,fbe3d9,,,,,,
14,f9e3d7,ffffff,,,,,d6d6d6,f09286,a0441a,ffffff,,,,,,,
15,fffeff,fdfce1,ffffff,,,,ffffff,aa8ff7,563be1,aaaaaa,,,,,,,
16,f8fade,e2ecd5,fffeff,,,,587934,d3e7ba,b9db93,c0c1c0,,,,,,,
17,f8fade,,,,a07d28,744a16,c8872f,d2effd,,3c8bb0,,,,,ffffff,,
18,f8fade,,ffffff,,9f6a23,73581a,,,,,9f6a23,,,,,,
19,ffffff,,ffffff,,444444,735819,,,,,744b16,,,,,,
20,d6e3fb,,c9954d,a37b4b,744b16,74581b,,,,,,a37b4b,,,,,
21,fdf1d8,f8f9de,,7a7a79,,,,,,,,c9862e,,,,fefabf,
22,fdf2d8,,,,,,,,,,,744b16,f6c983,,,ffffff,
23,ffffff,,744b16,,53350d,53350c,,,f3ad3d,,,,,,,f9fadf,
24,e2ebd6,f8fade,f4c844,,,723010,,f8fade,,,,,,,,,
25,d2effd,f8fadd,c9872f,a07b27,73581a,754b16,,fae4af,,,,ffffff,,ffffff,fdf1d9,,
26,e2ecd6,,c7a94b,804d17,53350d,712f10,7f4e18,712f10,,,,f1f3bd,,,,,
27,c2eccd,,ffffff,,c8c087,c8c087,,,,,,754c16,,,,,
28,fdf1d8,,ffffff,,cb9f35,7a7a7a,,,,,,52360d,,,,,
29,fefce0,,744b15,,cb9e35,cb9e35,,513e0f,,,744a15,cb9e35,,,,,
30,d2e7ba,,744b16,fefac0,fefac0,ffffff,ffffff,587834,,,,,,,,,
31,f9ddd9,,ffffff,a98049,9f7c27,fef781,ffffff,fefce0,fefce0,,ba7a26,,,,,,
32,fefde0,,,cb9d35,ffffff,7a797a,,,,,5c3c15,,,,ffffff,,
33,9f6b23,,744a16,,77d3f9,ffffff,,,522008,,,,,,,771d0e,
34,d2f0fd,,73581a,,f5c744,ffffff,,,,,,,a0451b,,,ffffff,
35,f8fade,,ffffff,,73571b,523e0f,,,,,513f0f,,,,,,
36,d2f0fc,fefce1,54350d,cb9e36,73581a,745819,,,a5e2f9,,,a06a22,54200a,,,a04519,
37,d2f0fd,fdfac0,9f451a,c8872f,9f6a23,9f6a23,,,fefce0,,,,fefce0,,,fefce0,
38,f9fbdd,fefce0,734b16,744b16,c98630,744a16,,aaaaaa,e4d89d,,734b16,,,744b16,,,
39,ffffff,f8fade,f8cb5c,744a15,,,,,532008,,,,53350e,,,722e0f,
40,fefde0,,ca9f35,72581a,72581a,72581a,,3c8ab0,78d3f9,,,,,,,,
41,d2f0fd,fffce0,73581a,53350d,f8cb5b,fefbe0,,c9882f,bfc0c0,,,,,,444444,,
42,fefce0,fdfce0,ffffff,c9872f,,,,,,,,,,,,,
43,fcecd7,d6d7d5,,cb9d35,,,,,722f10,,,,,,,ffffff,
44,d6d6d6,,fffcdf,,744c16,52350d,,,,,cb9f35,,,,,,
45,f3d4e0,,,ffffff,a06923,,,,,,,,fefce0,,,d2e7ba,
46,e3ecd6,fefce0,ffffff,a06b23,fef8a1,ffffff,,f3d4e0,f8fade,a5e1fa,,,,,,,
47,fffce0,fefce0,54350c,a07d29,ffffff,ffffff,,2d6c8c,58c5f7,7a7a7a,,,,,,,
48,fffcdf,a0441a,f4c844,,,,,,,,ca9e35,ffffff,,,,,
49,ffffff,2d6c8c,f5c745,,53350d,52350c,,e1ecd6,f7f9de,232323,,9f7c28,,,,,
50,cb9e34,,,f8fade,,,,dcddc4,791d0e,,,523e0f,,,,,
